[{"id":1,"name":"Linc Hame","avatarURL":"https://robohash.org/officiisnemotemporibus.png?size=300x300&set=set1"},
{"id":2,"name":"Maye Beamish","avatarURL":"https://robohash.org/namdoloremvoluptatem.png?size=300x300&set=set1"},
{"id":3,"name":"Orren Barraclough","avatarURL":"https://robohash.org/voluptatibusoccaecatimaxime.png?size=300x300&set=set1"},
{"id":4,"name":"Joel Mussard","avatarURL":"https://robohash.org/autquiadolorem.png?size=300x300&set=set1"},
{"id":5,"name":"Margret Pryer","avatarURL":"https://robohash.org/dignissimosrepudiandaecommodi.png?size=300x300&set=set1"},
{"id":6,"name":"Raphael Macy","avatarURL":"https://robohash.org/abveroenim.png?size=300x300&set=set1"},
{"id":7,"name":"Salvatore Balls","avatarURL":"https://robohash.org/reiciendisquidemaspernatur.png?size=300x300&set=set1"},
{"id":8,"name":"Eldon Youhill","avatarURL":"https://robohash.org/estsuntiure.png?size=300x300&set=set1"},
{"id":9,"name":"Claretta Langdale","avatarURL":"https://robohash.org/abetfacilis.png?size=300x300&set=set1"},
{"id":10,"name":"Estevan Kreutzer","avatarURL":"https://robohash.org/minusvoluptatemitaque.png?size=300x300&set=set1"}]