[{"id":1,"name":"Lonee Denys","avatarURL":"https://robohash.org/placeatidrepellat.png?size=300x300&set=set1"},
{"id":2,"name":"Timoteo Saward","avatarURL":"https://robohash.org/explicaboeavoluptatem.png?size=300x300&set=set1"},
{"id":3,"name":"Raimondo Iacovelli","avatarURL":"https://robohash.org/necessitatibushicfugiat.png?size=300x300&set=set1"},
{"id":4,"name":"Dario Hamner","avatarURL":"https://robohash.org/utmagnidolore.png?size=300x300&set=set1"},
{"id":5,"name":"Ann-marie Windas","avatarURL":"https://robohash.org/estodioinventore.png?size=300x300&set=set1"},
{"id":6,"name":"Teresa Rillett","avatarURL":"https://robohash.org/quodelenitisit.png?size=300x300&set=set1"},
{"id":7,"name":"Hank Udy","avatarURL":"https://robohash.org/inciduntanimiut.png?size=300x300&set=set1"},
{"id":8,"name":"Cull Dilley","avatarURL":"https://robohash.org/nonquisqui.png?size=300x300&set=set1"},
{"id":9,"name":"Hyacinth Avramovich","avatarURL":"https://robohash.org/earumcorporiset.png?size=300x300&set=set1"},
{"id":10,"name":"Barbie Niave","avatarURL":"https://robohash.org/liberoinventoreaut.png?size=300x300&set=set1"},
{"id":11,"name":"Katleen Shave","avatarURL":"https://robohash.org/harumquodest.png?size=300x300&set=set1"},
{"id":12,"name":"Loydie Stronge","avatarURL":"https://robohash.org/delenitidolorealiquam.png?size=300x300&set=set1"},
{"id":13,"name":"Stern Viggers","avatarURL":"https://robohash.org/undeutexplicabo.png?size=300x300&set=set1"},
{"id":14,"name":"Norby Arnley","avatarURL":"https://robohash.org/quaeratvoluptasadipisci.png?size=300x300&set=set1"},
{"id":15,"name":"Vivien Barthelme","avatarURL":"https://robohash.org/verofugaa.png?size=300x300&set=set1"},
{"id":16,"name":"Nicole Pole","avatarURL":"https://robohash.org/infugaex.png?size=300x300&set=set1"},
{"id":17,"name":"Saraann Corps","avatarURL":"https://robohash.org/quiaculpalaudantium.png?size=300x300&set=set1"},
{"id":18,"name":"Roddy Gudgeon","avatarURL":"https://robohash.org/utvoluptatemrerum.png?size=300x300&set=set1"},
{"id":19,"name":"Teodor Wall","avatarURL":"https://robohash.org/doloresiuresapiente.png?size=300x300&set=set1"},
{"id":20,"name":"Ursa Landa","avatarURL":"https://robohash.org/facereipsamasperiores.png?size=300x300&set=set1"},
{"id":21,"name":"Maxim Fairrie","avatarURL":"https://robohash.org/quietconsequuntur.png?size=300x300&set=set1"},
{"id":22,"name":"Alvina Riping","avatarURL":"https://robohash.org/consequaturlaborumnulla.png?size=300x300&set=set1"},
{"id":23,"name":"Natalya Crabtree","avatarURL":"https://robohash.org/hicconsecteturvoluptate.png?size=300x300&set=set1"},
{"id":24,"name":"Joly Gownge","avatarURL":"https://robohash.org/consecteturullamipsam.png?size=300x300&set=set1"},
{"id":25,"name":"Yasmeen Chritchley","avatarURL":"https://robohash.org/expeditaveronesciunt.png?size=300x300&set=set1"},
{"id":26,"name":"Bailey Seear","avatarURL":"https://robohash.org/teneturmaximesit.png?size=300x300&set=set1"},
{"id":27,"name":"Brittani Linford","avatarURL":"https://robohash.org/possimuslaboreut.png?size=300x300&set=set1"},
{"id":28,"name":"Alfredo Blowfelde","avatarURL":"https://robohash.org/possimusenimesse.png?size=300x300&set=set1"},
{"id":29,"name":"Stefano Annear","avatarURL":"https://robohash.org/ateumcommodi.png?size=300x300&set=set1"},
{"id":30,"name":"Keen Filipychev","avatarURL":"https://robohash.org/animisintperferendis.png?size=300x300&set=set1"},
{"id":31,"name":"Elisha MacCosty","avatarURL":"https://robohash.org/oditutet.png?size=300x300&set=set1"},
{"id":32,"name":"Minnnie Phillipson","avatarURL":"https://robohash.org/utmodirerum.png?size=300x300&set=set1"},
{"id":33,"name":"Albie Defty","avatarURL":"https://robohash.org/temporabeataeblanditiis.png?size=300x300&set=set1"},
{"id":34,"name":"Fara Faircliffe","avatarURL":"https://robohash.org/eamollitiadoloribus.png?size=300x300&set=set1"},
{"id":35,"name":"Mari Crennell","avatarURL":"https://robohash.org/etinvelit.png?size=300x300&set=set1"},
{"id":36,"name":"Bekki Sneyd","avatarURL":"https://robohash.org/mollitiasedtotam.png?size=300x300&set=set1"},
{"id":37,"name":"Rina Cothey","avatarURL":"https://robohash.org/laborequaenemo.png?size=300x300&set=set1"},
{"id":38,"name":"Kile Bevis","avatarURL":"https://robohash.org/ipsaeostotam.png?size=300x300&set=set1"},
{"id":39,"name":"Witty Sommers","avatarURL":"https://robohash.org/pariaturperspiciatiset.png?size=300x300&set=set1"},
{"id":40,"name":"Lorrayne Haythornthwaite","avatarURL":"https://robohash.org/sitnisiab.png?size=300x300&set=set1"},
{"id":41,"name":"Patsy Cutten","avatarURL":"https://robohash.org/debitisautdolorum.png?size=300x300&set=set1"},
{"id":42,"name":"Valery Fiske","avatarURL":"https://robohash.org/ipsamestsed.png?size=300x300&set=set1"},
{"id":43,"name":"Beryl Twitchings","avatarURL":"https://robohash.org/dictamolestiaequasi.png?size=300x300&set=set1"},
{"id":44,"name":"Maegan Strete","avatarURL":"https://robohash.org/doloreeosvoluptas.png?size=300x300&set=set1"},
{"id":45,"name":"Oliver Pibsworth","avatarURL":"https://robohash.org/laborevoluptatumdeserunt.png?size=300x300&set=set1"},
{"id":46,"name":"Yanaton Hogbin","avatarURL":"https://robohash.org/fugasimiliquetotam.png?size=300x300&set=set1"},
{"id":47,"name":"Dael Boorer","avatarURL":"https://robohash.org/voluptatibusipsumassumenda.png?size=300x300&set=set1"},
{"id":48,"name":"Witty Gorick","avatarURL":"https://robohash.org/molestiaeestquisquam.png?size=300x300&set=set1"},
{"id":49,"name":"Ilsa Diviny","avatarURL":"https://robohash.org/quiquiaofficiis.png?size=300x300&set=set1"},
{"id":50,"name":"Godiva Draycott","avatarURL":"https://robohash.org/temporequisquia.png?size=300x300&set=set1"}]